time_s,is_running
0.105469,0
0.999024,1
1.302735,0
1.998047,1
2.301758,0
2.997071,1
3.300781,0
3.996094,1
4.299805,0
4.995118,1
5.298828,0
5.994141,1
6.297852,0
6.993165,1
7.296875,0
7.992188,1
8.295899,0
8.991211,1
9.294922,0
9.990235,1
10.293945,0
10.989258,1
11.292969,0
11.988282,1
12.291992,0
12.987305,1
13.291016,0
13.986329,1
14.290039,0
14.985352,1
15.289063,0
15.984376,1
16.288086,0
16.983399,1
17.287110,0
17.982422,1
18.286133,0
